Top queries,Clicks,Impressions,CTR,Position
otd price,1,45,2.22%,38.53
out the door price,0,55,0%,30.78
dealer doc fee,0,40,0%,75.1
out of the door price,0,12,0%,42.33
car dealer doc fee by state 2020,0,10,0%,89
what does out the door price mean,0,7,0%,66.43
out the door price meaning,0,6,0%,56.67
dealer admin fee,0,5,0%,67.2
car dealer fees by state,0,5,0%,88.8
what does otd mean on w2,0,4,0%,8.25
odigos reviews,0,4,0%,41.5
what does price out the door mean,0,4,0%,54.25
what is documentation fee,0,4,0%,56
doc fee dealership,0,4,0%,56.25
dealership advertised pricing tactics,0,4,0%,64.25
what does out the door price include,0,3,0%,39
doc fees,0,3,0%,59.33
what is market adjustment,0,3,0%,63.67
what is a doc fee,0,3,0%,64.67
out the door price vs msrp,0,3,0%,94.33
otd number meaning,0,2,0%,18.5
does otd price include tax,0,2,0%,27.5
odigos,0,2,0%,40
otd car meaning,0,2,0%,40.5
what is otd price,0,2,0%,42.5
what does out the door mean,0,2,0%,54
nys doc fee,0,2,0%,57.5
doc fee,0,2,0%,67.5
documentation fee,0,2,0%,69.5
does out the door price include tax,0,2,0%,70
what is doc fee for car,0,2,0%,74.5
what does otd mean,0,2,0%,77.5
out the door meaning,0,2,0%,78.5
dealer addendums,0,2,0%,84
what does out the door pricing mean,0,2,0%,84
dealer fees and taxes,0,2,0%,85.5
vehicle pricing strategies for dealerships,0,2,0%,90
are doc fees mandatory,0,1,0%,13
otd prices,0,1,0%,14
what is the out the door price,0,1,0%,14
what is out the door price,0,1,0%,17
does otd include taxes and fees,0,1,0%,25
out-the-door price,0,1,0%,25
are documentation fees negotiable,0,1,0%,26
nitrogen in tires,0,1,0%,37
can you negotiate documentation fee,0,1,0%,39
is documentation fee negotiable,0,1,0%,40
are dealer doc fees negotiable,0,1,0%,41
what does otd mean in car sales,0,1,0%,41
dealer add on,0,1,0%,47
out to door price,0,1,0%,47
what are doc fees,0,1,0%,47
documentation fee nj,0,1,0%,48
average doc fee by state,0,1,0%,49
what otd means,0,1,0%,49
dealership add ons,0,1,0%,50
market adjustment price,0,1,0%,51
dealer doc fee by state,0,1,0%,54
doc fee ohio,0,1,0%,54
is the doc fee negotiable,0,1,0%,55
add on fees,0,1,0%,56
doc fee arizona,0,1,0%,56
is a doc fee negotiable,0,1,0%,56
what is a reasonable doc fee,0,1,0%,57
car dealer documentation fee,0,1,0%,58
out of door price meaning,0,1,0%,61
car dealer admin fee,0,1,0%,62
doc fee car dealership,0,1,0%,63
dealer doc fee nj,0,1,0%,66
door prices meaning,0,1,0%,66
dealer doc,0,1,0%,68
dealership documentation fee,0,1,0%,68
what is a documentation fee,0,1,0%,69
what is a doc fee at a car dealership,0,1,0%,71
dealer documentation fee,0,1,0%,73
buying car dealer fees,0,1,0%,74
car dealership documentation fee,0,1,0%,75
otd meaning cars,0,1,0%,75
docking fee car dealership,0,1,0%,77
how much is a doc fee,0,1,0%,77
what are doc fees at a car dealership,0,1,0%,77
what does otd mean when buying a car,0,1,0%,78
nj doc fee cap,0,1,0%,80
how to ask for out the door price,0,1,0%,82
why do dealers charge doc fees,0,1,0%,82
new jersey doc fee,0,1,0%,83
average doc fees by state,0,1,0%,84
ny doc fee,0,1,0%,86
door price meaning,0,1,0%,87
nj doc fee,0,1,0%,88
price management for dealers,0,1,0%,88
do i have to pay dealer doc fees,0,1,0%,89
documentation fee new car,0,1,0%,89
out of the door,0,1,0%,89
dealership market adjustment,0,1,0%,93
doc fees in nc,0,1,0%,93
does out the door price include down payment,0,1,0%,93
dealership fees,0,1,0%,95
dealer documentation fee nj,0,1,0%,96
what is doc fee when buying a car,0,1,0%,97
ohio doc fee,0,1,0%,99